Country,GDP per capita (current US$),Human Development Index (HDI) ,Life expectancy at birth,Mean years of schooling,"Total Population, as of 1 July (thousands)","Median Age, as of 1 July (years)","Natural Change, Births minus Deaths (thousands)","Rate of Natural Change (per 1,000 population)",Population Change (thousands),Population Growth Rate (percentage),Population Annual Doubling Time (years),Births (thousands),Births by women aged 15 to 19 (thousands),"Crude Birth Rate (births per 1,000 population)",Total Fertility Rate (live births per woman),Net Reproduction Rate (surviving daughters per woman),Sex Ratio at Birth (males per 100 female births),Total Deaths (thousands),"Crude Death Rate (deaths per 1,000 population)","Life Expectancy at Birth, both sexes (years)","Life Expectancy at Age 15, both sexes (years)","Life Expectancy at Age 65, both sexes (years)","Life Expectancy at Age 80, both sexes (years)","Infant Deaths, under age 1 (thousands)","Infant Mortality Rate (infant deaths per 1,000 live births)",Live Births Surviving to Age 1 (thousands),"Under-Five Deaths, under age 5 (thousands)","Under-Five Mortality (deaths under age 5 per 1,000 live births)","Mortality before Age 40, both sexes (deaths under age 40 per 1,000 live births)","Mortality before Age 60, both sexes (deaths under age 60 per 1,000 live births)","Mortality between Age 15 and 50, both sexes (deaths under age 50 per 1,000 alive at age 15)","Mortality between Age 15 and 60, both sexes (deaths under age 60 per 1,000 alive at age 15)",Net Number of Migrants (thousands),"Net Migration Rate (per 1,000 population)"
Burundi,221.16,0.43,61.66,3.13,12551.21,15.58,343.74,27.37,329.31,2.62,26.42,437.60,35.48,34.84,5.08,2.21,102.50,93.86,7.47,61.66,51.64,12.45,5.33,16.39,37.49,423.66,22.80,52.49,170.61,337.15,166.37,280.13,-14.42,-1.15
Afghanistan,355.78,0.48,61.98,2.99,40099.46,16.73,1145.71,28.50,962.06,2.40,28.89,1440.94,189.47,35.84,4.64,2.06,105.20,295.24,7.34,61.98,51.36,11.89,5.00,64.12,44.69,1387.56,82.16,57.93,156.11,329.20,159.90,280.26,-183.67,-4.57
Syrian Arab Republic,420.62,0.58,72.06,5.10,21324.37,20.94,318.25,14.99,530.44,2.49,27.86,426.86,50.69,20.11,2.75,1.30,105.20,108.61,5.12,72.06,58.94,14.48,6.11,7.59,17.84,419.95,9.15,21.97,56.95,158.94,62.28,136.42,212.19,10.00
Central African Republic,461.14,0.40,53.89,4.33,5457.15,14.69,172.14,31.29,86.28,1.58,43.84,234.82,53.60,42.68,5.98,2.45,103.20,62.68,11.39,53.90,45.98,11.23,5.52,16.60,71.42,222.64,23.14,101.91,251.36,493.99,263.65,424.50,-85.86,-15.61
Madagascar,503.35,0.50,64.49,5.12,28915.65,18.96,689.61,23.85,688.86,2.38,29.10,895.05,183.00,30.95,3.85,1.73,103.90,205.44,7.10,64.49,53.85,13.03,5.54,31.64,35.41,867.93,43.11,48.75,137.60,285.51,132.28,234.72,-0.74,-0.03
Mozambique,504.04,0.45,59.32,3.20,32077.07,16.81,892.20,27.81,882.69,2.75,25.19,1174.35,290.50,36.60,4.64,2.06,102.00,282.15,8.79,59.33,49.29,10.75,4.45,60.89,52.01,1125.80,79.20,68.41,166.09,387.59,184.81,334.54,-9.52,-0.30
Sierra Leone,504.62,0.48,60.06,4.58,8420.64,18.83,187.36,22.25,185.82,2.21,31.41,264.11,46.05,31.36,3.98,1.69,103.40,76.75,9.11,60.06,52.55,11.56,4.86,19.02,72.01,250.34,26.13,99.50,174.42,333.84,128.37,247.99,-1.54,-0.18
Yemen,543.64,0.46,63.75,3.20,32981.64,18.67,782.83,23.70,681.36,2.07,33.55,1008.94,94.82,30.54,3.80,1.69,105.90,226.10,6.85,63.75,53.44,12.29,5.11,47.24,46.80,970.08,62.55,62.16,134.81,288.86,124.29,235.10,-101.47,-3.07
Somalia,576.52,,55.28,,17065.58,15.19,545.89,31.97,528.82,3.10,22.37,743.93,107.80,43.56,6.31,2.54,104.40,198.04,11.60,55.28,48.79,11.22,4.80,52.69,71.20,704.06,81.06,111.85,241.91,430.78,202.21,338.65,-17.07,-1.00
Democratic Republic of the Congo,576.97,0.48,59.19,7.02,95894.12,15.58,3104.11,32.35,3039.48,3.17,21.87,4034.95,541.83,42.05,6.16,2.62,102.20,930.84,9.70,59.19,50.76,11.96,5.09,209.90,52.28,3864.67,308.20,78.58,198.13,369.62,175.65,295.79,-64.64,-0.67
Niger,590.63,0.40,61.58,2.12,25252.72,14.46,938.68,37.15,934.27,3.70,18.73,1144.37,228.26,45.29,6.82,2.94,104.00,205.69,8.14,61.58,52.38,11.50,4.39,48.00,42.16,1104.02,83.09,75.39,157.12,316.43,134.28,249.32,-4.41,-0.17
Malawi,633.61,0.51,62.90,4.49,19889.74,16.77,514.77,25.88,513.00,2.58,26.88,653.70,139.85,32.86,3.92,1.81,101.40,138.93,6.98,62.90,50.82,12.67,6.25,17.98,27.54,637.86,24.65,38.20,130.33,355.34,181.17,324.28,-1.78,-0.09
Liberia,675.66,0.48,60.75,5.08,5193.42,17.95,116.73,22.45,104.88,2.02,34.33,162.69,35.50,31.29,4.09,1.78,103.90,45.96,8.84,60.75,51.37,11.72,5.11,9.43,57.99,155.39,12.21,75.49,159.89,350.60,154.72,288.51,-11.86,-2.28
Chad,685.69,0.39,52.53,2.57,17179.74,15.00,530.03,30.85,539.04,3.14,22.09,744.83,125.77,43.36,6.26,2.41,104.20,214.80,12.50,52.53,46.46,10.86,4.61,50.59,68.24,706.14,77.19,106.70,287.13,482.62,250.60,388.15,9.02,0.53
Sudan,749.71,0.51,65.27,3.82,45657.20,18.40,1223.82,26.80,1208.60,2.65,26.19,1534.33,182.45,33.60,4.46,1.99,104.10,310.52,6.80,65.27,54.96,13.44,5.70,59.44,38.79,1483.99,82.98,54.71,135.01,267.60,120.73,212.64,-15.22,-0.33
Gambia,772.15,0.50,62.08,4.64,2639.92,16.81,67.92,25.71,65.95,2.50,27.75,87.84,9.14,33.26,4.68,2.04,103.20,19.92,7.54,62.08,51.57,12.11,5.13,2.68,30.52,85.51,4.15,47.81,159.55,329.43,162.26,277.76,-1.96,-0.74
Guinea-Bissau,795.12,0.48,59.65,3.58,2060.72,18.26,46.12,22.37,44.74,2.17,31.93,64.09,9.81,31.09,4.01,1.73,104.10,17.97,8.72,59.65,50.21,11.51,5.02,3.27,51.04,61.48,4.73,74.23,173.39,376.58,177.53,316.20,-1.40,-0.68
Rwanda,821.17,0.53,66.07,4.43,13461.89,19.00,319.11,23.70,312.99,2.33,29.81,403.68,24.30,29.98,3.82,1.77,102.60,84.58,6.28,66.07,54.14,12.75,5.59,11.68,28.99,393.45,15.47,38.67,99.45,268.60,116.92,233.57,-6.11,-0.45
Mali,881.51,0.43,58.94,2.31,21904.98,15.08,709.60,32.37,687.37,3.14,22.09,912.90,179.58,41.64,5.96,2.51,103.30,203.30,9.27,58.94,50.73,11.09,4.23,50.34,55.41,872.53,78.49,88.23,191.86,360.25,162.37,283.31,-22.24,-1.01
Uganda,883.47,0.53,62.70,5.73,45853.78,15.94,1417.38,30.92,1460.84,3.19,21.76,1686.80,295.54,36.80,4.59,2.09,102.90,269.42,5.88,62.71,50.87,10.95,4.34,51.15,30.40,1642.19,69.03,41.62,125.00,328.11,159.22,292.96,43.47,0.95
Burkina Faso,888.78,0.45,59.27,2.11,22100.68,16.59,587.74,26.58,574.65,2.60,26.66,785.82,131.01,35.54,4.77,2.01,104.20,198.07,8.96,59.27,50.72,11.15,4.28,38.79,49.47,754.13,64.13,82.77,188.10,357.65,163.29,284.41,-13.10,-0.59
Tajikistan,916.69,0.69,71.59,11.33,9750.06,21.47,216.49,22.20,212.93,2.18,31.74,260.84,19.81,26.75,3.19,1.49,106.30,44.35,4.55,71.59,59.03,14.46,6.32,7.08,27.09,254.61,8.18,31.32,58.93,163.62,57.36,134.82,-3.56,-0.37
Ethiopia,925.00,0.50,64.97,3.20,120283.03,18.46,3080.52,25.61,3079.13,2.56,27.08,3895.73,459.67,32.38,4.16,1.86,105.50,815.21,6.78,64.98,54.17,13.16,5.57,133.84,34.42,3780.61,180.80,47.21,134.06,276.97,129.56,227.98,-1.39,-0.01
Togo,976.67,0.54,61.62,5.02,8644.83,18.65,204.81,23.69,203.81,2.36,29.40,275.44,34.71,31.86,4.26,1.83,102.70,70.62,8.17,61.62,52.00,12.01,4.62,12.16,44.23,265.32,16.99,62.37,171.52,322.85,156.33,260.57,-1.00,-0.12
Lesotho,1029.51,0.51,53.06,6.01,2281.45,22.08,27.21,11.92,25.72,1.13,61.50,59.58,10.32,26.11,3.02,1.28,102.80,32.38,14.19,53.06,43.81,10.99,5.80,4.03,67.55,56.60,5.19,87.11,248.42,545.73,309.81,494.60,-1.49,-0.65
Zambia,1134.71,0.57,61.22,7.19,19473.13,16.93,536.21,27.54,545.23,2.80,24.76,672.00,126.89,34.51,4.31,1.95,101.10,135.79,6.97,61.22,50.53,11.40,4.90,27.14,40.48,649.28,37.91,57.19,147.17,356.12,168.41,309.11,9.02,0.46
United Republic of Tanzania,1146.03,0.55,66.20,6.37,63588.33,16.79,1907.39,29.99,1902.53,2.99,23.17,2303.11,429.26,36.21,4.73,2.16,103.00,395.72,6.22,66.20,54.85,13.27,6.18,78.88,34.33,2235.41,104.17,45.87,104.12,264.55,110.26,222.75,-4.87,-0.08
Guinea,1189.18,0.47,58.89,2.20,13531.91,17.71,330.73,24.44,326.37,2.41,28.74,465.95,82.90,34.43,4.40,1.82,104.50,135.22,9.99,58.89,51.45,12.26,5.22,29.94,64.38,442.78,42.87,93.05,206.18,367.41,167.18,282.24,-4.37,-0.32
Nepal,1229.39,0.60,68.45,5.12,30034.99,23.65,377.39,12.63,673.92,2.24,30.89,609.79,101.34,20.40,2.03,0.95,105.00,232.40,7.78,68.45,55.77,12.71,5.27,13.92,22.84,597.37,16.65,27.38,73.36,213.07,84.49,185.40,296.54,9.92
Myanmar,1231.69,0.59,65.67,6.38,53798.08,29.03,394.69,7.33,359.32,0.67,103.77,920.40,74.36,17.10,2.15,0.98,106.60,525.70,9.77,65.67,54.17,12.53,5.23,31.04,33.69,893.71,39.55,42.79,109.20,263.37,113.65,222.72,-35.38,-0.66
Benin,1360.91,0.53,59.82,4.30,12996.90,17.46,353.21,27.17,354.94,2.73,25.38,475.83,61.68,36.61,4.97,2.09,104.10,122.63,9.43,59.82,51.76,12.39,5.28,26.09,54.97,454.92,39.02,83.38,195.73,354.60,163.82,275.89,1.73,0.13
Kyrgyzstan,1365.51,0.69,69.98,11.37,6527.74,23.74,117.17,17.93,100.65,1.54,44.95,157.66,9.09,24.13,2.99,1.42,105.70,40.50,6.20,69.98,56.28,13.16,5.49,2.37,14.99,155.58,2.68,16.88,50.63,203.01,85.23,187.86,-16.51,-2.53
Pakistan,1506.11,0.54,66.10,4.54,231402.12,20.17,4714.34,20.35,4242.99,1.83,37.79,6374.74,510.24,27.52,3.47,1.56,105.50,1660.40,7.17,66.10,55.94,12.82,5.32,333.26,52.30,6105.64,401.44,63.18,106.34,240.69,83.23,183.88,-471.40,-2.04
Comoros,1577.47,0.56,63.42,5.08,821.63,20.06,17.01,20.68,15.24,1.86,37.37,24.18,2.33,29.40,3.98,1.78,103.20,7.17,8.72,63.42,52.94,11.68,4.93,1.10,45.61,23.28,1.41,58.52,125.59,294.67,120.46,242.77,-1.77,-2.15
Cambodia,1625.24,0.59,69.58,5.09,16589.02,26.52,207.43,12.50,183.17,1.10,62.79,320.93,32.87,19.33,2.34,1.09,105.20,113.51,6.84,69.58,56.94,14.22,6.07,6.70,20.85,314.93,8.00,24.75,84.92,207.37,94.42,179.32,-24.26,-1.46
Senegal,1633.56,0.51,67.09,2.94,16876.72,17.77,449.99,26.65,439.89,2.61,26.59,549.98,59.44,32.57,4.39,2.03,103.10,100.00,5.92,67.09,55.19,12.46,4.72,13.38,24.36,538.10,19.91,36.71,93.54,230.92,96.72,193.94,-10.09,-0.60
Cameroon,1654.26,0.58,60.33,6.15,27198.63,17.46,717.05,26.36,707.17,2.60,26.66,950.55,159.37,34.94,4.46,1.96,103.00,233.50,8.58,60.33,50.58,11.81,5.28,46.00,48.46,913.36,65.62,69.74,166.72,367.71,173.61,310.55,-9.89,-0.36
Kiribati,1766.14,0.62,67.42,7.98,128.87,21.88,2.71,20.97,2.41,1.87,37.13,3.51,0.23,27.21,3.30,1.48,107.20,0.81,6.24,67.42,56.24,13.37,5.70,0.13,38.18,3.40,0.17,47.52,99.08,228.17,89.76,183.18,-0.30,-2.29
Zimbabwe,1773.92,0.59,59.25,8.71,15993.52,18.05,343.83,21.48,318.84,1.99,34.76,488.81,86.69,30.54,3.49,1.56,102.40,144.97,9.06,59.25,48.07,11.85,5.77,17.96,36.76,473.57,25.36,52.15,172.06,424.99,226.67,386.45,-25.01,-1.56
Haiti,1823.74,0.54,63.19,5.55,11447.57,23.02,169.92,14.82,136.95,1.20,57.96,269.38,29.93,23.50,2.81,1.26,103.00,99.46,8.68,63.19,53.00,12.25,5.16,12.40,45.99,259.15,16.20,60.11,139.54,302.47,131.01,247.31,-32.98,-2.88
Angola,1927.47,0.59,61.64,5.42,34503.77,16.18,1062.51,30.80,1091.60,3.16,21.91,1338.79,248.20,38.81,5.30,2.35,102.70,276.28,8.01,61.64,51.92,12.13,5.35,64.13,48.06,1286.77,90.49,68.85,154.73,337.60,152.33,278.77,29.09,0.84
Uzbekistan,1993.42,0.73,70.86,11.90,34081.45,26.59,582.38,17.08,543.20,1.59,43.49,802.88,19.95,23.55,2.86,1.35,108.10,220.49,6.47,70.86,56.92,12.93,5.46,9.46,11.73,794.64,10.59,13.16,41.27,174.74,65.33,162.16,-39.20,-1.15
Mauritania,1998.39,0.56,64.36,4.92,4614.97,17.57,118.90,25.75,117.40,2.54,27.25,153.24,19.80,33.19,4.40,1.98,103.30,34.35,7.44,64.36,54.08,11.75,4.81,6.92,45.27,147.56,9.21,60.95,116.73,266.61,100.46,211.21,-1.49,-0.32
Nicaragua,2064.93,0.67,73.84,7.14,6850.54,24.54,107.28,15.65,96.91,1.42,48.99,140.59,27.51,20.51,2.32,1.12,103.50,33.31,4.86,73.84,60.13,16.06,6.69,1.84,13.06,138.98,2.18,15.45,50.33,157.84,68.90,142.75,-10.38,-1.52
Nigeria,2065.77,0.54,52.68,7.18,213401.32,17.02,5130.59,24.03,5054.22,2.37,29.26,7923.29,1144.08,37.12,5.24,1.98,103.80,2792.70,13.08,52.68,46.96,11.06,4.68,576.68,73.04,7490.71,865.38,111.24,288.24,475.37,244.13,376.32,-76.36,-0.36
Kenya,2069.66,0.58,61.43,6.65,53005.61,19.15,1041.09,19.63,988.53,1.87,37.17,1468.36,192.91,27.69,3.34,1.51,102.20,427.27,8.06,61.43,49.51,13.16,6.75,43.72,29.81,1430.19,59.91,41.13,153.57,398.14,214.92,366.73,-52.55,-0.99
Solomon Islands,2232.54,0.56,70.35,5.71,707.85,19.25,17.54,24.76,16.73,2.36,29.32,21.10,2.08,29.79,3.98,1.85,107.00,3.56,5.03,70.35,57.05,13.43,5.61,0.33,15.80,20.79,0.39,18.73,61.08,184.49,75.18,163.97,-0.81,-1.14
India,2238.13,0.63,67.24,6.66,1407563.84,27.60,9813.92,6.97,9511.95,0.68,102.54,23113.53,1052.74,16.42,2.03,0.93,107.70,13299.62,9.45,67.24,54.70,12.75,5.78,589.23,25.48,22591.30,724.16,31.19,80.51,249.65,98.54,221.40,-301.97,-0.22
Sao Tome and Principe,2350.45,0.62,67.59,6.22,223.11,18.37,4.89,21.88,4.10,1.84,37.77,6.32,1.02,28.26,3.82,1.80,102.70,1.43,6.39,67.59,53.90,12.87,5.79,0.08,12.10,6.25,0.09,14.61,78.57,255.51,120.00,240.38,-0.79,-3.54
Ghana,2422.09,0.63,63.80,8.33,32833.03,20.37,654.21,19.92,642.95,1.96,35.40,904.68,106.34,27.55,3.56,1.58,103.80,250.47,7.63,63.80,53.02,12.91,5.52,29.04,32.10,879.55,38.96,43.26,148.12,301.11,148.45,252.01,-11.25,-0.34
Bangladesh,2457.92,0.66,72.38,7.38,169356.25,26.28,2057.19,12.14,1882.69,1.11,62.33,3019.67,623.43,17.82,1.98,0.93,105.00,962.48,5.68,72.38,59.78,15.66,7.27,69.21,22.91,2957.72,83.60,27.70,57.74,170.21,57.80,141.94,-174.50,-1.03
Lao People's Democratic Republic,2535.62,0.61,68.06,5.37,7425.06,23.78,114.13,15.36,103.83,1.40,49.58,163.26,26.01,21.97,2.50,1.15,105.30,49.14,6.61,68.06,56.48,13.14,5.49,5.62,34.38,158.44,6.97,42.59,85.52,215.34,79.66,174.81,-10.30,-1.39
Congo,2540.47,0.57,63.52,6.17,5835.81,18.16,137.96,23.63,133.49,2.29,30.30,179.19,30.60,30.69,4.17,1.90,102.60,41.24,7.06,63.52,51.84,11.92,5.24,5.67,31.66,174.28,7.69,43.19,121.62,318.84,149.49,281.92,-4.47,-0.77
Côte d'Ivoire,2613.38,0.55,58.60,5.20,27478.25,17.60,685.49,24.93,664.48,2.42,28.67,932.94,158.76,33.93,4.42,1.91,103.00,247.45,9.00,58.60,49.08,11.82,5.72,52.95,56.92,891.65,69.75,75.67,185.33,411.37,202.34,354.31,-21.00,-0.76
Papua New Guinea,2624.60,0.56,65.35,4.74,9949.44,21.76,187.26,18.83,197.95,1.99,34.83,253.72,26.59,25.51,3.22,1.44,107.70,66.46,6.68,65.35,53.72,12.14,5.30,8.61,33.91,246.34,10.70,42.26,103.21,269.35,111.70,230.47,10.70,1.08
Timor-Leste,2741.95,0.61,67.74,5.44,1320.94,20.27,23.41,17.71,21.41,1.62,42.76,32.98,2.57,24.94,3.15,1.43,107.10,9.56,7.23,67.74,56.05,12.90,5.36,1.10,33.43,32.03,1.35,41.15,85.97,221.00,82.80,181.79,-2.00,-1.51
Honduras,2771.72,0.62,70.12,7.09,10278.35,23.43,158.99,15.46,153.22,1.49,46.49,216.65,37.66,21.07,2.36,1.12,105.10,57.65,5.61,70.12,56.48,13.11,5.59,2.90,13.40,214.10,3.50,16.17,53.35,192.27,76.17,176.12,-5.78,-0.56
Vanuatu,3044.57,0.61,70.45,7.06,319.14,19.49,7.68,24.04,7.48,2.34,29.58,9.40,0.95,29.44,3.74,1.73,107.00,1.72,5.40,70.45,57.49,13.69,5.97,0.19,20.28,9.23,0.23,24.45,62.69,182.15,71.97,157.78,-0.20,-0.62
Djibouti,3062.55,0.51,62.30,4.10,1105.56,23.74,14.43,13.06,15.18,1.37,50.48,24.54,1.29,22.21,2.80,1.23,103.80,10.11,9.15,62.31,52.24,12.53,5.31,0.95,38.57,23.74,1.33,54.34,162.18,323.71,156.58,266.99,0.74,0.67
Bolivia (Plurinational State of),3345.02,0.69,63.63,9.83,12079.47,23.94,143.66,11.89,138.99,1.15,60.22,263.82,36.81,21.84,2.62,1.21,104.20,120.16,9.95,63.63,51.36,10.50,4.64,7.05,26.72,257.60,9.36,35.51,94.59,306.05,121.64,275.23,-4.67,-0.39
Cabo Verde,3398.17,0.66,74.05,6.29,587.93,26.50,6.43,10.92,5.16,0.88,79.04,9.98,1.44,16.95,1.90,0.91,103.30,3.55,6.03,74.05,60.24,15.92,6.58,0.12,11.50,9.88,0.14,13.58,41.22,154.35,62.05,140.44,-1.27,-2.17
Philippines,3460.54,0.70,69.27,8.97,113880.33,24.50,1652.12,14.50,1571.99,1.38,50.23,2485.01,251.22,21.81,2.75,1.27,107.80,832.89,7.31,69.27,56.31,12.59,4.76,53.35,21.48,2437.20,62.88,25.39,62.23,194.19,74.57,169.77,-80.13,-0.70
Bhutan,3560.20,0.67,71.82,5.17,777.49,28.19,4.67,6.01,4.96,0.64,108.64,9.70,0.67,12.48,1.41,0.66,104.80,5.04,6.48,71.82,59.06,14.41,6.03,0.22,22.59,9.51,0.26,26.84,57.93,160.47,58.43,133.59,0.29,0.37
Micronesia (Fed. States of),3588.76,0.63,70.71,7.80,113.13,23.35,1.65,14.57,1.01,0.90,77.36,2.36,0.21,20.78,2.71,1.27,107.00,0.71,6.21,70.71,57.71,14.21,6.32,0.05,19.81,2.32,0.06,23.86,64.63,187.88,76.81,164.30,-0.64,-5.60
Algeria,3700.31,0.75,76.38,8.07,44177.97,27.80,750.05,16.98,731.25,1.66,41.88,950.89,17.90,21.52,2.89,1.37,104.60,200.84,4.55,76.38,63.31,16.92,7.23,17.83,18.70,935.09,21.23,22.11,40.46,103.57,35.55,80.34,-18.80,-0.43
Viet Nam,3756.49,0.70,73.62,8.37,97468.03,32.02,749.49,7.69,748.51,0.77,90.25,1462.62,117.17,15.01,1.94,0.89,111.40,713.13,7.32,73.62,60.65,16.43,7.40,23.91,16.32,1440.89,30.71,20.83,66.88,155.54,70.53,131.24,-0.99,-0.01
Morocco,3767.52,0.68,74.04,5.92,37076.58,28.67,422.00,11.38,375.77,1.01,68.36,650.89,38.40,17.55,2.33,1.11,104.70,228.89,6.17,74.04,60.57,14.95,6.36,10.03,15.40,641.74,11.72,17.92,37.44,124.97,40.55,106.52,-46.24,-1.25
Tunisia,3807.18,0.73,73.77,7.43,12262.95,31.74,100.69,8.21,91.50,0.75,92.92,197.40,2.75,16.09,2.09,0.99,105.30,96.71,7.88,73.77,60.19,14.98,6.34,2.74,13.83,195.00,3.26,16.32,43.24,130.38,50.17,113.22,-9.19,-0.75
Samoa,3857.69,0.71,72.77,11.40,218.76,20.61,4.80,21.91,3.93,1.80,38.59,5.98,0.45,27.25,3.93,1.84,107.60,1.17,5.34,72.77,59.21,14.94,6.59,0.08,14.07,5.90,0.10,16.76,49.17,158.24,62.91,141.01,-0.88,-4.02
Egypt,3886.72,0.73,70.22,9.57,109262.18,23.94,1773.62,16.23,1741.26,1.59,43.49,2465.01,211.38,22.56,2.92,1.39,105.40,691.38,6.33,70.22,56.66,12.36,5.27,39.29,15.93,2430.33,46.60,18.85,38.25,174.97,51.93,157.78,-32.37,-0.30
Sri Lanka,3996.57,0.78,76.40,10.83,21773.44,32.47,145.28,6.66,52.89,0.24,,305.88,13.56,14.02,1.99,0.96,104.40,160.59,7.36,76.40,62.01,16.36,7.31,1.74,5.68,304.38,2.06,6.70,26.44,110.09,44.41,102.82,-92.40,-4.24
Eswatini,4068.57,0.60,57.07,5.60,1192.27,21.48,15.27,12.78,10.37,0.87,79.76,28.83,4.28,24.13,2.84,1.27,102.90,13.57,11.36,57.07,45.57,11.19,5.33,1.09,37.64,27.91,1.47,50.50,191.65,483.50,275.35,450.47,-4.90,-4.10
Iran (Islamic Republic of),4084.20,0.77,73.87,10.64,87923.43,31.92,638.34,7.26,666.42,0.76,91.44,1204.11,84.25,13.70,1.69,0.80,105.40,565.77,6.44,73.88,60.08,14.98,6.15,12.91,10.68,1192.89,15.71,12.64,45.42,131.03,55.00,116.26,28.08,0.32
Lebanon,4136.15,0.71,75.05,8.72,5592.63,28.27,37.72,6.68,-77.39,-1.38,,84.45,4.82,14.95,2.09,1.00,105.30,46.73,8.27,75.05,60.68,14.90,6.26,0.49,5.79,83.99,0.58,6.77,24.55,110.84,38.79,103.15,-115.12,-20.38
Jordan,4152.76,0.72,74.26,10.45,11148.28,23.41,201.46,18.08,215.83,1.94,35.80,244.56,13.32,21.95,2.83,1.35,104.90,43.10,3.87,74.26,60.48,14.74,6.18,3.03,12.39,241.76,3.50,14.35,33.03,118.96,39.48,104.12,14.37,1.29
Indonesia,4334.22,0.71,67.57,8.56,273753.19,29.44,1741.19,6.36,1726.20,0.63,109.85,4496.38,366.97,16.43,2.18,1.01,106.00,2755.19,10.07,67.57,54.39,12.05,5.05,83.51,18.56,4422.25,100.73,22.32,70.64,233.90,95.94,212.59,-14.99,-0.06
Tonga,4425.97,0.75,70.99,11.39,106.02,21.57,1.71,16.08,0.76,0.72,96.14,2.45,0.11,23.05,3.24,1.50,108.10,0.74,6.97,70.99,57.05,14.81,6.70,0.02,9.58,2.43,0.03,11.38,63.90,206.45,97.22,194.02,-0.95,-8.90
Mongolia,4566.14,0.74,70.98,9.42,3347.78,26.79,51.15,15.28,51.15,1.53,45.36,71.67,2.90,21.41,2.84,1.36,104.60,20.52,6.13,70.98,57.12,14.12,6.73,0.90,12.50,70.88,1.08,14.81,45.39,197.14,80.41,183.89,0.00,0.00
Fiji,4656.05,0.73,67.11,10.92,924.61,26.78,9.73,10.49,3.71,0.40,,17.94,1.07,19.35,2.48,1.15,107.20,8.22,8.86,67.11,54.28,11.83,5.30,0.42,23.08,17.57,0.50,27.90,62.66,242.63,85.10,217.51,-6.00,-6.47
El Salvador,4664.31,0.68,70.75,7.15,6314.17,26.27,46.60,7.36,19.26,0.31,,101.41,15.90,16.03,1.80,0.86,104.80,54.80,8.66,70.75,56.84,15.30,6.78,1.08,10.65,100.46,1.29,12.67,74.58,220.56,113.45,208.08,-27.34,-4.32
Iraq,4770.84,0.69,70.38,7.91,43533.59,19.79,985.25,22.61,925.15,2.13,32.62,1192.35,136.77,27.37,3.50,1.64,105.70,207.10,4.75,70.38,57.41,13.33,5.49,24.23,20.34,1170.54,29.20,24.62,58.26,178.70,66.14,154.34,-60.10,-1.38
Ukraine,4827.85,0.77,71.62,11.13,43531.42,40.76,-395.27,-9.08,-394.44,-0.91,,336.10,15.53,7.72,1.25,0.60,106.40,731.36,16.80,71.62,57.18,14.60,6.71,1.87,5.55,334.49,2.22,6.51,43.90,199.23,92.12,192.82,0.83,0.02
Namibia,4919.19,0.62,59.27,7.19,2530.15,21.34,42.37,16.73,38.06,1.50,46.09,69.49,7.84,27.44,3.30,1.51,101.10,27.12,10.71,59.27,47.06,11.25,5.40,1.92,27.66,67.80,2.67,38.57,159.87,438.92,239.20,411.38,-4.30,-1.70
Armenia,4972.78,0.76,72.04,11.33,2790.97,34.41,-2.68,-0.96,-15.50,-0.56,,33.70,1.44,12.05,1.58,0.74,109.50,36.38,13.01,72.04,57.85,13.91,6.66,0.32,9.35,33.43,0.36,10.44,28.86,171.23,56.61,161.81,-12.83,-4.59
Georgia,5023.27,0.80,71.69,12.82,3757.98,36.37,-6.59,-1.75,-9.32,-0.25,,50.43,3.18,13.41,2.08,0.99,106.80,57.02,15.17,71.69,57.40,13.72,5.87,0.41,8.06,50.08,0.45,9.01,38.65,174.81,71.47,166.60,-2.73,-0.73
Suriname,5026.88,0.73,70.27,9.78,612.99,27.93,5.82,9.49,5.32,0.87,79.86,11.13,1.53,18.15,2.35,1.12,104.10,5.32,8.67,70.27,56.63,14.31,6.77,0.17,15.26,10.98,0.19,17.07,57.03,216.11,88.28,200.67,-0.49,-0.80
Guatemala,5029.48,0.63,69.24,5.68,17608.48,22.07,257.55,14.62,228.44,1.30,53.44,372.15,59.75,21.12,2.40,1.13,103.90,114.60,6.50,69.24,56.06,14.67,7.12,7.10,19.05,365.84,8.62,22.90,75.91,238.54,107.67,217.98,-29.12,-1.65
Jamaica,5183.58,0.71,70.50,9.15,2827.70,30.82,8.25,2.92,2.59,0.09,,33.15,3.70,11.71,1.35,0.65,103.90,24.90,8.80,70.50,56.59,13.21,5.49,0.37,11.15,32.83,0.45,13.33,48.74,190.94,78.28,178.05,-5.66,-2.00
Kosovo (under UNSC res. 1244),5269.78,,,,1662.01,30.54,6.55,3.92,-8.50,-0.51,,18.60,0.62,11.14,1.52,0.73,107.00,12.05,7.22,76.81,62.39,16.05,7.63,0.12,6.21,18.50,0.13,7.20,18.04,90.66,28.86,83.59,-15.05,-9.01
Republic of Moldova,5274.74,0.77,68.85,11.82,3061.51,36.06,-12.05,-3.93,-26.33,-0.86,,38.15,2.31,12.43,1.81,0.86,106.30,50.20,16.36,68.85,54.95,12.11,5.34,0.47,12.17,37.74,0.55,14.25,41.76,220.63,78.95,207.90,-14.28,-4.65
Tuvalu,5372.76,0.64,64.55,10.57,11.20,24.99,0.15,13.33,0.13,1.13,61.12,0.26,0.02,23.48,3.16,1.44,106.90,0.11,10.16,64.55,51.39,12.89,6.02,0.01,17.75,0.26,0.01,21.28,119.38,328.99,173.23,308.88,-0.02,-1.34
Azerbaijan,5408.05,0.75,69.37,10.54,10312.99,31.44,32.15,3.12,33.24,0.32,,127.09,12.93,12.33,1.66,0.76,112.60,94.93,9.21,69.37,55.83,12.81,5.73,2.10,16.46,125.24,2.41,18.61,52.18,209.07,77.83,192.00,1.08,0.11
Libya,5908.95,0.72,71.91,7.60,6735.28,26.27,79.54,11.81,78.84,1.17,59.19,120.07,2.13,17.83,2.46,1.16,105.70,40.53,6.02,71.91,57.89,14.19,6.15,1.12,9.30,119.10,1.34,11.08,46.02,171.70,71.36,160.00,-0.70,-0.10
Paraguay,5959.44,0.72,70.26,8.86,6703.80,25.64,87.13,12.99,78.90,1.18,58.89,138.37,20.65,20.63,2.47,1.17,105.00,51.24,7.64,70.26,56.72,13.98,6.25,2.14,15.46,136.48,2.54,18.37,58.27,205.96,83.72,189.12,-8.23,-1.23
Ecuador,5965.13,0.74,73.67,8.82,17797.74,27.55,179.53,10.10,215.42,1.21,57.29,298.99,48.51,16.82,2.03,0.97,104.60,119.46,6.72,73.67,59.80,16.32,7.69,3.17,10.58,296.23,3.73,12.45,53.00,166.02,73.30,152.82,35.89,2.02
Belize,6060.97,0.68,70.47,8.85,400.03,25.17,4.65,11.62,5.23,1.31,52.99,7.19,1.10,17.98,2.01,0.96,105.10,2.54,6.35,70.47,56.52,15.47,7.20,0.07,9.74,7.13,0.09,11.74,77.50,230.64,112.89,218.73,0.58,1.44
Marshall Islands,6130.44,0.64,65.27,10.88,42.05,25.02,0.50,11.72,-1.39,-3.31,,0.83,0.10,19.28,2.73,1.23,107.00,0.33,7.56,65.27,52.76,12.71,5.79,0.02,24.30,0.81,0.03,29.57,112.86,292.11,142.85,263.86,-1.90,-44.23
Colombia,6182.71,0.75,72.83,8.86,51516.56,30.77,332.55,6.47,544.53,1.06,65.58,730.20,118.65,14.20,1.72,0.82,104.60,397.65,7.74,72.83,58.98,16.00,7.00,8.00,10.94,723.23,9.47,12.92,63.51,175.77,87.14,162.24,211.98,4.12
Albania,6377.20,0.80,76.46,11.29,2854.71,37.27,-3.10,-1.09,-13.71,-0.48,,29.29,1.33,10.24,1.39,0.66,107.50,32.39,11.33,76.46,62.37,16.29,6.90,0.26,8.94,29.06,0.29,9.99,28.98,103.08,40.73,92.10,-10.61,-3.71
Peru,6635.46,0.76,72.38,9.89,33715.47,28.20,324.47,9.63,392.48,1.16,59.55,593.52,80.90,17.62,2.19,1.05,104.10,269.05,7.99,72.38,58.50,15.53,6.68,5.93,9.98,588.37,7.34,12.38,51.45,186.59,79.83,173.43,68.01,2.02
North Macedonia,6778.56,0.77,73.84,10.23,2103.33,38.27,-9.08,-4.32,-9.58,-0.46,,20.11,0.98,9.56,1.36,0.65,107.80,29.19,13.88,73.84,59.39,13.31,5.21,0.10,4.99,20.03,0.14,6.80,17.45,108.33,30.77,101.52,-0.49,-0.23
Thailand,7060.90,0.80,78.72,8.70,71601.10,39.27,77.16,1.08,78.30,0.11,,644.33,66.02,9.00,1.33,0.64,106.40,567.17,7.92,78.72,64.52,20.22,10.91,4.57,7.08,640.38,5.42,8.32,39.27,129.15,59.84,119.92,1.13,0.02
South Africa,7073.61,0.71,62.34,11.37,59392.26,27.15,498.16,8.39,509.09,0.86,80.88,1176.96,141.65,19.82,2.37,1.09,104.00,678.80,11.43,62.34,49.91,12.36,6.48,31.47,26.66,1149.26,41.65,35.07,135.36,372.46,189.99,345.76,10.93,0.18
Bosnia and Herzegovina,7230.20,0.78,75.30,10.54,3270.94,41.82,-23.94,-7.29,-49.80,-1.52,,27.65,0.82,8.42,1.35,0.65,106.80,51.59,15.71,75.30,60.76,14.22,6.03,0.14,4.88,27.53,0.16,5.58,12.75,90.20,22.58,84.60,-25.87,-7.88
Botswana,7238.80,0.69,61.14,10.34,2588.42,23.48,36.52,14.12,38.32,1.48,46.83,61.00,5.91,23.58,2.79,1.27,103.20,24.48,9.46,61.14,49.42,11.26,5.18,2.04,33.33,59.25,2.73,44.50,137.27,378.26,184.87,343.76,1.82,0.70
Equatorial Guinea,7406.08,0.60,60.59,5.91,1634.47,20.90,35.00,21.46,41.48,2.54,27.31,49.75,9.31,30.50,4.27,1.87,103.20,14.75,9.04,60.59,51.24,11.64,4.99,2.83,56.83,47.55,3.76,75.70,161.30,353.03,157.71,290.69,6.49,3.98
Belarus,7489.72,0.81,72.44,12.14,9578.17,40.17,-69.50,-7.26,-56.54,-0.59,,88.85,2.77,9.28,1.48,0.72,105.80,158.35,16.54,72.44,57.68,13.94,6.59,0.18,1.97,88.70,0.25,2.72,25.62,169.21,66.95,166.31,12.96,1.35
Dominica,7668.16,0.72,72.81,8.14,72.41,31.62,0.31,4.34,0.38,0.52,133.81,0.97,0.11,13.33,1.60,0.77,103.60,0.65,8.99,72.81,59.01,14.72,6.44,0.01,11.53,0.96,0.01,13.68,45.31,155.84,62.63,141.51,0.06,0.79
Brazil,7696.78,0.75,72.75,8.13,214326.22,32.82,976.72,4.56,997.10,0.47,,2760.96,353.27,12.88,1.64,0.78,104.50,1784.24,8.33,72.75,58.94,16.00,6.72,35.50,12.84,2729.88,40.16,14.45,59.22,183.52,87.24,169.81,20.38,0.10
Turkmenistan,7885.30,0.75,69.26,11.26,6341.86,25.84,95.20,15.01,90.69,1.43,48.47,136.97,5.27,21.59,2.67,1.23,106.70,41.77,6.59,69.26,57.38,13.81,5.79,4.82,35.09,132.86,5.67,41.03,74.94,205.06,75.87,168.76,-4.50,-0.71
Saint Vincent and the Grenadines,8360.06,0.75,69.63,10.83,104.33,33.00,-0.06,-0.52,-0.44,-0.42,,1.35,0.18,12.90,1.80,0.86,103.30,1.40,13.43,69.63,55.73,13.35,6.07,0.02,11.83,1.33,0.02,14.09,48.91,217.53,90.06,204.85,-0.38,-3.63
Dominican Republic,8476.75,0.77,72.61,9.31,11117.87,27.11,130.76,11.75,115.79,1.04,66.59,205.05,31.37,18.43,2.27,1.07,104.40,74.29,6.68,72.62,60.17,16.97,8.45,5.51,26.84,200.20,6.80,32.99,72.98,187.30,79.87,158.32,-14.97,-1.35
Gabon,8635.80,0.71,65.82,9.44,2341.18,21.62,46.54,19.88,48.06,2.05,33.76,63.53,9.77,27.14,3.49,1.62,102.10,16.99,7.26,65.82,53.94,12.93,5.88,1.86,29.21,61.90,2.50,39.41,102.97,277.27,122.02,241.82,1.52,0.65
Grenada,9010.51,0.80,74.94,9.03,124.61,30.84,0.97,7.81,0.89,0.71,97.49,1.99,0.14,15.96,2.00,0.96,104.00,1.02,8.15,74.94,61.26,16.50,7.96,0.03,13.18,1.97,0.03,16.08,36.15,135.58,47.55,120.04,-0.09,-0.68
Mauritius,9068.98,0.80,73.56,10.43,1298.92,36.81,0.91,0.70,0.44,0.03,,13.44,1.16,10.34,1.41,0.68,103.50,12.53,9.64,73.56,59.93,16.23,7.55,0.19,14.37,13.27,0.23,16.98,50.96,167.67,73.87,151.84,-0.48,-0.37
Serbia,9232.96,0.80,74.19,11.37,7296.77,42.90,-70.59,-9.68,-70.36,-0.96,,67.61,2.70,9.27,1.53,0.73,107.00,138.20,18.94,74.19,59.66,13.83,6.05,0.30,4.42,67.35,0.39,5.70,17.42,112.83,34.82,107.10,0.24,0.03
Montenegro,9465.96,0.83,76.34,12.18,627.86,38.19,-0.59,-0.94,-0.69,-0.11,,6.97,0.19,11.09,1.69,0.81,107.30,7.56,12.03,76.34,61.50,15.79,7.16,0.01,0.84,6.96,0.01,1.46,13.93,103.80,32.55,101.79,-0.10,-0.16
Türkiye,9743.21,0.84,76.03,8.63,84775.40,30.93,702.19,8.28,632.46,0.75,92.92,1244.78,51.90,14.68,1.89,0.91,105.10,542.60,6.40,76.03,61.76,15.72,6.67,9.55,7.66,1236.53,11.30,8.99,20.77,102.25,31.82,93.52,-69.73,-0.82
Guyana,9994.65,0.71,65.67,8.62,804.57,25.48,8.32,10.31,4.01,0.50,,16.38,2.40,20.30,2.40,1.13,103.70,8.06,9.99,65.67,52.69,12.59,6.27,0.37,22.61,16.04,0.45,27.54,88.98,296.44,131.00,274.34,-4.32,-5.35
Maldives,10076.32,0.75,79.92,7.32,521.46,30.59,5.76,11.07,6.94,1.33,52.08,7.34,0.11,14.09,1.69,0.82,104.90,1.57,3.02,79.92,65.45,17.68,7.59,0.04,5.09,7.31,0.04,6.01,14.78,53.77,18.16,47.36,1.19,2.28
Mexico,10359.15,0.76,70.21,9.22,126705.14,29.01,690.64,5.45,637.99,0.50,137.53,1882.36,292.93,14.86,1.82,0.87,103.90,1191.72,9.41,70.21,56.34,14.59,6.96,21.47,11.35,1863.71,25.90,13.55,63.26,222.85,100.80,210.00,-52.65,-0.42
Kazakhstan,10373.79,0.81,69.36,12.35,19196.47,29.53,216.99,11.30,198.07,1.03,67.17,413.48,13.90,21.54,3.08,1.47,106.50,196.49,10.23,69.36,55.17,12.32,5.55,3.68,8.86,410.30,4.10,9.91,46.32,207.45,88.20,197.88,-18.92,-0.99
Argentina,10650.86,0.84,75.39,11.15,45276.78,31.30,223.96,4.95,226.31,0.50,,629.39,66.24,13.90,1.89,0.90,105.20,405.43,8.96,75.39,61.33,16.60,8.27,5.85,9.28,624.31,6.86,10.78,39.10,130.54,53.76,119.41,2.34,0.05
Saint Lucia,10916.23,0.72,71.11,8.55,179.65,33.13,0.21,1.19,0.20,0.11,,2.06,0.24,11.49,1.40,0.67,103.10,1.85,10.30,71.11,57.34,13.65,5.66,0.02,11.82,2.04,0.03,14.43,50.74,178.85,73.90,164.26,0.00,0.00
Malaysia,11134.62,0.80,74.88,10.65,33573.87,29.90,308.88,9.21,355.05,1.06,65.52,511.31,12.15,15.24,1.80,0.86,106.60,202.44,6.03,74.88,60.62,15.32,6.96,3.75,7.33,508.07,4.41,8.61,25.82,124.08,42.99,115.21,46.17,1.38
Nauru,11632.69,,63.62,,12.51,20.31,0.26,20.93,0.20,1.56,44.46,0.35,0.04,27.56,3.52,1.59,107.20,0.08,6.63,63.62,50.33,12.44,5.79,0.01,15.31,0.34,0.01,18.98,127.74,344.61,187.51,325.89,-0.07,-5.26
Bulgaria,12219.34,0.80,71.80,11.41,6885.87,44.53,-95.78,-13.90,-104.49,-1.52,,58.11,5.88,8.44,1.59,0.76,106.00,153.89,22.34,71.80,57.33,13.74,6.08,0.30,5.13,57.86,0.36,6.17,33.27,175.83,66.82,169.45,-8.72,-1.27
Russian Federation,12532.05,0.82,69.42,12.77,145102.76,38.81,-1061.08,-7.32,-740.48,-0.51,,1397.46,53.69,9.64,1.49,0.71,105.70,2458.54,16.96,69.42,54.87,13.99,6.46,5.43,3.87,1392.82,7.07,4.89,62.87,245.81,126.34,240.68,320.62,2.21
Costa Rica,12604.05,0.81,77.02,8.80,5153.96,32.89,24.12,4.68,26.21,0.51,136.18,61.18,6.71,11.87,1.53,0.74,104.40,37.06,7.19,77.02,62.71,17.24,7.11,0.40,6.53,60.83,0.47,7.63,34.77,109.63,50.08,101.41,2.08,0.40
China,12617.51,0.77,78.21,7.60,1425893.47,37.95,264.04,0.19,63.84,0.00,,10881.57,404.52,7.63,1.16,0.54,111.80,10617.53,7.45,78.21,63.93,17.68,7.85,62.58,5.65,10828.53,81.17,6.86,26.20,89.89,35.15,81.22,-200.19,-0.14
Palau,12921.83,0.77,66.02,12.49,18.02,35.71,0.05,2.51,0.05,0.30,,0.27,0.03,15.16,2.41,1.10,107.70,0.23,12.65,66.02,52.55,13.49,6.35,0.00,14.71,0.27,0.01,17.33,105.51,303.01,159.07,286.05,0.00,0.17
Seychelles,12963.06,0.79,71.29,10.28,106.47,32.52,0.69,6.46,0.83,0.78,88.64,1.64,0.18,15.43,2.35,1.13,103.60,0.96,8.97,71.29,57.46,14.46,6.63,0.02,11.61,1.63,0.02,13.64,60.49,191.34,88.48,177.70,0.15,1.37
Romania,14946.62,0.82,74.18,11.28,19328.56,41.87,-118.87,-6.15,-131.57,-0.68,,195.37,18.31,10.11,1.75,0.84,105.40,314.23,16.25,74.19,59.75,14.62,6.85,1.06,5.42,194.45,1.31,6.64,21.47,130.99,41.07,124.25,-12.72,-0.66
Panama,15491.29,0.81,76.22,10.54,4351.27,28.83,50.55,11.63,56.03,1.29,53.82,76.93,12.23,17.69,2.33,1.10,105.60,26.38,6.07,76.22,62.77,18.63,9.30,1.00,13.04,76.05,1.33,17.16,59.17,141.81,66.78,123.86,5.47,1.26
Trinidad and Tobago,16056.30,0.81,72.97,11.61,1525.66,35.46,3.90,2.56,6.54,0.43,,17.81,1.82,11.69,1.63,0.78,104.10,13.92,9.13,72.97,59.36,16.26,8.13,0.26,14.61,17.59,0.30,16.73,54.89,180.55,77.51,164.65,2.63,1.73
Chile,16240.61,0.86,78.94,10.93,19493.18,34.86,84.79,4.36,198.49,1.02,68.09,229.12,14.44,11.79,1.54,0.74,104.20,144.33,7.43,78.94,64.48,18.99,9.14,1.07,4.69,228.19,1.29,5.60,27.84,104.00,43.92,97.76,113.71,5.85
American Samoa,16653.71,,,,45.04,27.63,0.48,10.39,-1.18,-2.62,,0.79,0.06,17.18,2.27,1.09,106.00,0.31,6.79,72.54,58.43,13.74,5.73,0.01,7.90,0.78,0.01,10.68,34.78,148.79,57.11,138.05,-1.65,-35.90
Antigua and Barbuda,17178.54,0.79,78.50,9.29,93.22,34.67,0.54,5.75,0.54,0.58,120.34,1.13,0.11,12.12,1.58,0.77,103.20,0.59,6.37,78.50,64.06,17.74,8.53,0.01,5.00,1.12,0.01,6.18,22.00,84.16,30.69,77.36,0.00,0.00
Barbados,17507.47,0.79,77.57,9.85,281.20,38.90,0.51,1.83,0.48,0.17,,3.05,0.38,10.83,1.63,0.79,103.50,2.53,9.01,77.57,63.62,18.04,7.10,0.03,10.76,3.02,0.04,11.84,38.13,116.02,51.51,103.75,-0.03,-0.10
Croatia,17809.03,0.86,77.58,12.19,4060.14,43.73,-27.53,-6.77,-37.93,-0.93,,34.73,0.82,8.54,1.45,0.70,106.00,62.26,15.32,77.58,63.02,16.43,7.36,0.14,3.88,34.62,0.18,5.00,13.74,82.69,24.22,77.42,-10.40,-2.56
Uruguay,17924.00,0.81,75.44,8.98,3426.26,35.22,-5.79,-1.69,-7.29,-0.21,,35.89,4.30,10.47,1.49,0.72,105.60,41.68,12.16,75.44,60.95,16.89,8.48,0.17,4.71,35.75,0.20,5.59,40.25,140.18,64.83,134.13,-1.49,-0.43
Curaçao,17980.00,,,,190.34,35.95,0.23,1.20,0.73,0.38,,2.17,0.15,11.40,1.65,0.79,104.80,1.94,10.20,75.44,61.38,15.85,6.94,0.02,8.26,2.15,0.02,9.84,32.89,116.70,44.06,105.28,0.50,2.64
Saint Kitts and Nevis,18035.39,0.78,71.68,8.66,47.61,34.05,0.09,1.94,0.01,0.01,,0.58,0.06,12.13,1.53,0.73,103.70,0.49,10.18,71.68,57.70,14.58,6.54,0.01,8.48,0.57,0.01,11.00,53.77,185.70,82.46,173.65,-0.09,-1.89
Poland,18050.28,0.88,76.46,13.16,38307.73,40.87,-139.11,-3.63,-142.08,-0.37,,363.43,8.50,9.49,1.46,0.70,105.90,502.54,13.12,76.46,61.82,16.43,7.88,1.27,3.48,362.34,1.48,4.03,22.00,112.61,45.14,108.27,-2.97,-0.08
Hungary,18753.05,0.85,74.53,12.25,9709.79,42.74,-62.35,-6.43,-42.48,-0.44,,91.90,5.26,9.47,1.58,0.76,105.80,154.25,15.90,74.53,59.90,15.39,7.33,0.31,3.40,91.63,0.38,4.10,21.21,142.61,45.17,138.19,19.87,2.05
Oman,19509.47,0.82,72.54,11.65,4520.47,28.76,66.29,14.62,45.62,1.01,68.70,83.50,1.25,18.42,2.62,1.26,104.30,17.21,3.80,72.54,58.46,13.15,5.25,0.77,9.35,82.82,0.93,11.14,32.18,132.54,45.26,121.32,-20.66,-4.56
French Polynesia,20230.24,,,,304.03,32.98,2.25,7.38,1.87,0.62,112.71,3.88,0.37,12.76,1.70,0.82,105.90,1.64,5.38,79.49,65.07,17.98,8.57,0.02,5.54,3.86,0.03,6.42,13.74,66.96,16.77,60.02,-0.38,-1.24
Greece,20310.68,0.89,80.11,11.41,10445.37,44.74,-56.70,-5.43,-71.51,-0.69,,79.07,2.22,7.57,1.37,0.66,106.40,135.77,12.99,80.11,65.48,18.97,8.70,0.28,3.47,78.84,0.32,3.99,16.25,79.12,28.52,74.81,-14.81,-1.42
Saint Martin (French part),20320.72,,,,31.95,38.18,0.33,10.14,-0.62,-1.93,,0.49,0.02,15.05,2.42,1.17,104.00,0.16,4.91,80.38,66.24,18.96,8.55,0.00,8.12,0.48,0.01,9.37,20.38,66.32,21.25,56.12,-0.95,-29.24
Latvia,20930.40,0.86,73.58,13.25,1873.92,43.59,-19.07,-10.16,-25.88,-1.38,,17.02,0.50,9.07,1.58,0.76,106.60,36.09,19.23,73.58,58.95,15.17,7.16,0.05,3.15,16.98,0.07,3.97,30.36,161.63,66.53,157.26,-6.82,-3.63
Slovakia,21768.15,0.85,74.91,12.91,5447.62,40.57,-18.12,-3.33,-16.37,-0.30,,54.35,3.37,9.98,1.57,0.76,105.40,72.47,13.31,74.91,60.42,15.38,6.97,0.26,4.76,54.13,0.32,5.81,24.34,128.29,46.45,122.18,1.75,0.32
Turks and Caicos Islands,23158.64,,,,45.11,37.35,0.15,3.24,0.83,1.84,37.67,0.56,0.02,12.48,1.67,0.80,104.90,0.41,9.24,74.59,60.81,15.37,6.60,0.01,11.87,0.55,0.01,14.19,35.20,124.56,44.14,109.91,0.68,15.23
Lithuania,23849.62,0.88,73.72,13.50,2786.65,43.69,-24.11,-8.64,-35.97,-1.29,,26.86,0.64,9.62,1.62,0.78,105.20,50.98,18.25,73.72,59.05,15.76,7.41,0.08,3.00,26.79,0.09,3.40,37.01,168.62,76.88,164.76,-11.85,-4.25
Saudi Arabia,24315.62,0.88,76.94,11.31,35950.40,29.78,526.20,14.61,372.31,1.04,66.91,629.34,15.88,17.47,2.43,1.17,105.10,103.14,2.86,76.94,62.57,16.66,7.25,3.64,5.74,626.22,4.38,6.90,21.85,101.77,34.47,94.09,-153.88,-4.27
Portugal,24661.17,0.87,81.04,9.58,10290.10,45.00,-43.07,-4.19,-15.76,-0.15,,80.48,1.94,7.83,1.36,0.66,105.30,123.55,12.02,81.04,66.37,19.72,8.94,0.22,2.67,80.30,0.28,3.34,14.71,74.75,27.30,70.92,27.30,2.66
Czechia,26822.51,0.89,77.73,12.87,10510.75,42.61,-30.11,-2.87,-26.49,-0.25,,103.95,2.32,9.89,1.70,0.82,105.20,134.06,12.76,77.73,63.01,16.90,7.67,0.25,2.38,103.74,0.31,2.89,17.15,93.39,33.61,89.94,3.62,0.35
Bahrain,26850.00,0.88,78.76,11.05,1463.27,32.75,13.86,9.45,4.72,0.32,,17.50,0.34,11.93,1.81,0.88,103.90,3.64,2.48,78.76,64.35,16.99,7.08,0.10,5.58,17.42,0.12,6.71,15.40,65.23,20.02,58.03,-9.15,-6.24
Estonia,27943.70,0.89,77.14,13.55,1328.70,41.47,-5.19,-3.91,-2.20,-0.17,,13.64,0.28,10.28,1.68,0.81,106.10,18.83,14.19,77.14,62.35,17.04,8.23,0.02,1.44,13.62,0.03,1.87,21.17,108.79,45.40,106.23,3.00,2.26
Bahamas,28260.43,0.81,71.60,12.64,407.91,32.45,1.00,2.46,1.48,0.36,,4.67,0.43,11.45,1.39,0.67,102.80,3.66,8.99,71.60,57.59,15.41,7.40,0.05,10.26,4.62,0.06,11.87,59.69,207.72,98.24,196.49,0.49,1.19
Aruba,29127.76,,,,106.54,41.20,-0.43,-4.04,0.07,0.07,,0.76,0.05,7.19,1.18,0.57,104.30,1.19,11.24,74.63,60.89,15.23,6.20,0.01,12.80,0.76,0.01,14.83,36.72,118.83,44.17,103.60,0.50,4.72
Slovenia,29331.06,0.92,80.69,12.80,2119.41,43.20,-3.80,-1.80,0.76,0.04,,19.15,0.21,9.04,1.63,0.78,106.50,22.95,10.84,80.69,65.96,19.04,8.75,0.04,1.93,19.12,0.05,2.36,13.66,67.25,25.70,64.04,4.57,2.16
Spain,30488.82,0.91,83.01,10.61,47486.94,43.88,-96.47,-2.04,178.55,0.38,,357.65,7.45,7.55,1.28,0.62,106.20,454.12,9.59,83.01,68.31,21.06,9.94,0.88,2.47,356.90,1.07,2.99,11.55,57.10,18.99,53.66,275.02,5.81
Brunei Darussalam,31448.91,0.83,74.64,9.18,445.37,31.82,3.83,8.59,3.63,0.82,84.95,6.15,0.16,13.80,1.78,0.84,107.90,2.32,5.21,74.64,60.64,15.61,6.82,0.06,9.23,6.10,0.07,11.08,37.22,131.10,51.75,119.18,-0.19,-0.43
Sint Maarten (Dutch part),31711.61,,,,44.04,46.49,0.00,-0.06,0.25,0.57,121.18,0.34,0.06,7.66,1.58,0.76,103.90,0.34,7.72,73.97,60.43,14.97,6.17,0.01,14.58,0.33,0.01,16.95,38.49,128.24,44.34,110.62,0.21,4.83
Kuwait,32324.84,0.83,78.67,7.33,4250.11,38.34,32.01,7.50,-4.83,-0.11,,44.41,0.60,10.41,2.11,1.02,104.80,12.40,2.91,78.67,64.45,16.96,7.16,0.34,7.61,44.12,0.42,9.08,15.24,63.60,16.06,54.17,-36.84,-8.64
Puerto Rico,32601.57,,,,3256.03,44.03,-6.37,-1.95,-13.77,-0.42,,26.55,1.72,8.14,1.29,0.62,105.30,32.91,10.10,80.16,65.82,21.07,11.34,0.18,6.72,26.39,0.20,7.51,36.05,113.75,51.62,106.34,-7.41,-2.27
Cyprus,32745.84,0.90,81.20,12.44,1244.19,37.59,3.80,3.06,5.78,0.47,,12.82,0.21,10.31,1.32,0.64,106.50,9.02,7.26,81.20,66.46,19.07,8.83,0.03,2.30,12.80,0.04,2.71,9.91,57.08,18.53,54.05,2.00,1.61
Malta,34881.29,0.92,83.78,12.21,526.75,39.01,0.85,1.62,11.25,2.14,32.44,4.66,0.12,8.94,1.18,0.57,106.80,3.82,7.32,83.78,69.17,20.96,10.29,0.02,3.71,4.65,0.02,4.27,7.86,37.52,9.30,32.88,10.41,19.96
Republic of Korea,35142.26,0.93,83.70,12.51,51830.14,43.35,-45.67,-0.88,-2.23,0.00,,289.01,2.52,5.58,0.88,0.43,105.70,334.68,6.46,83.70,68.99,21.47,9.79,0.69,2.37,288.42,0.87,2.92,13.48,53.65,22.31,50.23,43.44,0.84
Guam,35904.86,,,,170.53,29.82,1.54,9.04,1.30,0.76,91.20,2.80,0.24,16.38,2.57,1.22,107.00,1.25,7.34,76.66,62.83,18.90,10.74,0.03,11.15,2.77,0.04,13.01,38.12,148.85,56.84,135.53,-0.24,-1.43
Italy,36449.26,0.90,82.85,10.74,59240.33,46.83,-269.89,-4.56,-241.86,-0.41,,410.49,5.50,6.93,1.28,0.62,105.90,680.37,11.49,82.85,68.12,20.71,9.65,0.93,2.25,409.70,1.13,2.73,12.12,54.25,20.14,51.13,28.02,0.47
New Caledonia,37247.49,,,,287.80,33.23,2.41,8.35,1.23,0.43,,4.16,0.23,14.42,2.03,0.97,105.90,1.75,6.06,79.02,65.11,19.35,10.44,0.04,10.67,4.12,0.05,12.35,30.20,99.69,35.76,87.02,-1.18,-4.10
Japan,39827.13,0.93,84.78,13.37,124612.53,48.36,-756.02,-6.07,-668.44,-0.54,,818.51,7.94,6.57,1.30,0.63,105.10,1574.53,12.64,84.78,70.04,22.37,10.82,1.44,1.75,817.28,2.01,2.42,11.14,47.46,18.30,44.45,87.58,0.70
United States Virgin Islands,41976.01,,,,100.09,42.66,-0.28,-2.79,-0.50,-0.50,,1.15,0.08,11.44,2.13,1.03,103.90,1.43,14.23,74.72,60.49,15.78,7.07,0.01,5.55,1.14,0.01,6.47,37.83,134.71,56.23,125.28,-0.22,-2.24
Andorra,42072.32,0.86,80.37,10.56,79.03,42.47,-0.08,-0.95,1.31,1.66,41.88,0.57,0.01,7.23,1.13,0.54,106.30,0.64,8.18,80.37,65.98,19.14,9.41,0.00,5.78,0.56,0.00,6.70,14.93,73.68,21.25,66.48,1.38,17.56
France,43671.31,0.90,82.50,11.61,64531.44,41.59,37.59,0.58,58.20,0.09,,677.30,18.16,10.50,1.79,0.87,104.80,639.71,9.91,82.50,67.90,21.29,10.33,2.44,3.61,675.21,2.84,4.20,17.90,72.61,29.09,68.03,20.61,0.32
United Arab Emirates,44332.34,0.91,78.71,12.69,9365.15,32.84,78.99,8.43,76.23,0.81,85.15,96.54,0.48,10.31,1.46,0.71,104.60,17.55,1.87,78.71,64.29,17.23,7.34,0.52,5.41,96.09,0.63,6.51,16.43,71.75,22.63,64.80,-2.76,-0.30
"China, Macao SAR",45104.89,,,,686.61,37.58,4.11,6.00,8.12,1.18,58.59,6.92,0.04,10.11,1.09,0.52,108.10,2.81,4.11,85.40,70.72,22.56,10.93,0.02,2.40,6.91,0.02,3.23,8.80,37.47,12.28,33.73,4.00,5.85
United Kingdom,46869.76,0.93,80.74,13.41,67281.04,39.64,24.50,0.37,226.53,0.34,,677.22,19.18,10.08,1.56,0.75,105.50,652.72,9.72,80.74,66.12,19.94,9.39,2.45,3.62,675.12,2.81,4.10,20.36,84.78,36.44,80.34,202.03,3.01
Cuba,48436.38,0.76,73.68,12.50,11256.37,41.16,-64.51,-5.73,-71.58,-0.64,,100.45,15.06,8.92,1.44,0.69,107.30,164.95,14.65,73.68,59.19,14.87,6.88,0.40,4.00,100.10,0.52,4.99,30.48,147.27,59.46,141.12,-7.07,-0.63
"China, Hong Kong SAR",49764.79,0.95,85.47,12.23,7494.58,44.86,-10.86,-1.45,-10.86,-0.15,,42.91,0.21,5.73,0.75,0.36,107.70,53.76,7.18,85.47,70.67,22.62,11.46,0.05,1.21,42.86,0.10,1.92,6.45,37.89,11.82,35.59,0.00,0.00
New Zealand,49996.42,0.94,82.45,12.94,5129.73,36.50,29.69,5.81,67.91,1.32,52.35,63.56,1.96,12.44,1.77,0.86,105.30,33.87,6.63,82.45,67.90,21.38,10.34,0.25,3.95,63.34,0.29,4.62,20.74,75.49,32.11,70.32,38.22,7.48
Germany,51426.75,0.94,80.63,14.09,83408.55,44.87,-276.27,-3.32,36.47,0.04,,763.17,13.80,9.17,1.53,0.74,105.50,1039.44,12.49,80.63,65.98,19.38,8.97,2.34,3.06,761.16,2.79,3.63,15.21,74.10,26.26,69.98,312.74,3.76
Belgium,51850.40,0.94,81.88,12.38,11611.42,40.87,6.17,0.53,58.52,0.50,137.53,116.45,1.67,10.05,1.58,0.77,104.70,110.28,9.52,81.88,67.25,20.33,9.75,0.40,3.47,116.10,0.46,3.97,16.01,65.96,26.20,61.61,52.36,4.52
Israel,52129.52,0.92,82.26,13.34,8900.06,29.04,124.49,14.00,141.35,1.59,43.65,174.34,2.59,19.61,2.98,1.44,105.40,49.85,5.61,82.26,67.60,20.23,9.70,0.53,3.03,173.88,0.66,3.73,11.89,56.18,18.73,52.08,16.86,1.90
Canada,52358.62,0.94,82.66,13.83,38155.01,40.16,76.49,2.01,271.67,0.71,97.35,373.73,6.98,9.82,1.46,0.71,105.40,297.24,7.81,82.66,68.12,21.12,10.08,1.60,4.28,372.36,1.83,4.89,19.25,64.59,26.95,59.22,195.18,5.13
Austria,53517.89,0.92,81.58,12.26,8922.08,42.75,-5.04,-0.57,15.27,0.17,,84.65,1.16,9.50,1.47,0.71,105.50,89.69,10.06,81.58,66.92,19.89,8.98,0.24,2.86,84.44,0.30,3.57,15.44,62.78,23.71,58.76,20.31,2.28
Finland,53559.98,0.94,82.04,12.87,5535.99,42.37,-10.39,-1.88,4.54,0.08,,46.89,0.61,8.48,1.39,0.67,105.10,57.28,10.36,82.04,67.28,20.28,9.27,0.09,1.93,46.81,0.11,2.35,16.17,63.65,26.75,60.81,14.93,2.70
San Marino,54982.45,0.85,80.88,10.80,33.75,46.28,-0.19,-5.59,-0.15,-0.45,,0.20,0.00,5.99,1.13,0.54,106.60,0.39,11.58,80.88,66.17,18.96,8.75,0.00,2.48,0.20,0.00,3.16,9.53,62.36,18.23,58.90,0.04,1.22
Greenland,57116.30,,,,56.24,33.87,0.31,5.54,0.25,0.44,,0.81,0.06,14.39,1.98,0.94,105.00,0.50,8.85,72.35,58.34,15.02,6.86,0.01,8.89,0.80,0.01,10.70,51.40,176.47,78.17,164.77,-0.06,-1.10
Netherlands,58727.87,0.94,81.69,12.58,17501.70,41.74,12.27,0.70,69.72,0.40,,180.27,1.39,10.32,1.64,0.79,105.10,168.00,9.61,81.69,67.06,19.60,8.64,0.63,3.51,179.73,0.72,4.05,13.59,56.17,19.72,51.76,57.44,3.29
Australia,60697.25,0.95,84.53,12.73,25921.09,36.95,132.41,5.12,250.33,0.97,71.75,298.50,5.90,11.54,1.60,0.77,105.70,166.08,6.42,84.53,69.85,21.63,10.02,0.86,2.87,297.76,1.02,3.39,7.86,36.98,11.75,33.26,117.93,4.56
Sweden,61417.68,0.95,82.98,12.61,10467.10,39.49,21.04,2.02,101.14,0.97,71.75,113.32,0.95,10.87,1.67,0.81,105.70,92.28,8.85,82.98,68.22,20.75,9.54,0.22,1.93,113.14,0.27,2.37,14.55,52.09,21.78,49.27,80.10,7.68
Qatar,66858.74,0.86,79.27,10.00,2688.24,33.04,22.99,8.51,-7.81,-0.29,,26.53,0.29,9.82,1.80,0.88,103.90,3.54,1.31,79.27,64.76,17.25,7.26,0.12,4.58,26.43,0.15,5.54,12.63,59.64,17.35,53.74,-30.80,-11.40
Iceland,68710.24,0.96,82.68,13.77,370.34,35.86,2.06,5.57,2.67,0.72,96.00,4.57,0.06,12.36,1.73,0.84,106.20,2.51,6.79,82.68,67.84,20.18,9.03,0.01,1.05,4.57,0.01,1.50,9.41,49.73,18.75,47.79,0.62,1.68
Faroe Islands,69108.21,,,,52.89,37.89,0.22,4.10,0.21,0.40,,0.81,0.02,15.38,2.78,1.33,106.70,0.60,11.28,79.26,64.92,17.80,7.75,0.01,6.12,0.81,0.01,7.39,18.04,70.34,23.05,62.39,0.00,0.00
Denmark,69268.65,0.95,81.38,12.96,5854.24,41.26,4.73,0.81,27.47,0.47,,63.15,0.32,10.81,1.72,0.83,105.70,58.42,10.00,81.38,66.69,19.42,8.73,0.18,2.85,62.99,0.21,3.27,12.39,59.33,20.27,55.66,22.75,3.89
United States of America,70219.47,0.92,77.20,13.68,336997.62,37.68,442.14,1.31,1003.71,0.30,,3722.82,171.88,11.06,1.66,0.80,104.80,3280.68,9.74,77.20,62.77,19.05,9.52,20.04,5.39,3705.53,23.53,6.30,42.88,143.30,65.92,136.79,561.58,1.67
Singapore,77710.09,0.94,82.75,11.92,5941.06,41.78,10.35,1.75,29.68,0.50,,42.22,0.33,7.12,1.02,0.50,105.90,31.86,5.37,82.75,67.99,20.23,9.19,0.06,1.49,42.16,0.09,2.06,9.93,48.37,17.16,45.52,19.32,3.26
Cayman Islands,88475.60,,,,68.14,37.18,0.23,3.40,0.51,0.75,91.93,0.68,0.02,9.99,1.22,0.59,103.60,0.45,6.59,75.13,60.99,16.16,7.22,0.01,7.88,0.67,0.01,9.37,36.68,132.61,54.08,122.35,0.28,4.06
Norway,90655.39,0.96,83.23,13.00,5403.02,39.33,12.00,2.22,22.60,0.42,,53.87,0.36,9.98,1.50,0.73,106.20,41.87,7.76,83.23,68.49,20.78,9.50,0.11,1.97,53.78,0.13,2.43,12.51,48.04,18.91,44.96,10.60,1.96
Switzerland,93446.43,0.96,83.99,13.86,8691.41,41.83,17.35,2.00,41.22,0.47,,87.09,0.45,10.03,1.50,0.72,105.10,69.73,8.03,83.99,69.35,21.50,9.93,0.28,3.22,86.85,0.32,3.67,11.64,44.82,15.39,40.60,23.87,2.75
Ireland,102001.80,0.95,82.00,11.58,4986.53,37.60,23.41,4.70,38.72,0.78,89.21,58.56,0.95,11.76,1.77,0.85,105.50,35.15,7.06,82.00,67.28,19.84,8.77,0.15,2.49,58.44,0.17,2.88,13.47,55.86,22.39,52.58,15.32,3.08
Bermuda,111774.67,,,,64.19,44.89,-0.19,-3.01,0.10,0.16,,0.50,0.01,7.76,1.36,0.66,104.00,0.69,10.77,79.28,64.56,18.97,8.86,0.00,2.21,0.50,0.00,2.82,23.58,99.44,41.13,96.10,0.29,4.54
Luxembourg,133711.79,0.93,82.63,13.02,639.32,38.74,2.25,3.53,9.20,1.44,48.17,6.59,0.07,10.36,1.39,0.67,105.10,4.34,6.83,82.63,68.10,20.50,9.89,0.03,4.50,6.56,0.04,5.25,11.41,51.85,15.72,46.34,6.95,10.93
Liechtenstein,197504.55,0.94,83.26,12.54,39.04,43.67,0.08,1.96,0.31,0.80,86.43,0.36,0.00,9.19,1.50,0.68,116.30,0.28,7.23,83.26,68.84,20.81,9.72,0.00,5.30,0.36,0.00,6.15,13.92,44.72,14.89,37.91,0.23,5.92
Monaco,235132.78,,85.95,,36.69,54.52,-0.46,-12.47,-0.25,-0.68,,0.32,0.01,8.81,2.11,1.02,104.80,0.78,21.28,85.95,71.35,22.69,10.96,0.00,3.57,0.32,0.00,4.15,8.62,28.70,8.93,24.07,0.21,5.63
Anguilla,,,,,15.75,36.74,0.04,2.79,0.16,0.99,70.02,0.15,0.01,9.57,1.27,0.62,103.60,0.11,6.78,76.61,62.31,16.66,7.38,0.00,6.55,0.15,0.00,7.82,27.89,109.39,42.47,101.03,0.11,7.07
"Bonaire, Sint Eustatius and Saba",,,,,26.71,39.35,0.01,0.38,0.53,1.97,35.19,0.29,0.02,10.82,1.66,0.79,105.00,0.28,10.44,75.09,61.44,15.57,6.68,0.00,13.54,0.28,0.00,15.71,34.63,114.32,38.43,97.98,0.51,19.09
British Virgin Islands,,,,,31.12,38.23,0.00,0.02,0.12,0.40,,0.24,0.02,7.63,1.01,0.48,105.30,0.24,7.61,74.49,60.92,15.03,6.36,0.00,14.56,0.23,0.00,17.12,33.69,116.55,36.72,99.30,0.13,4.12
"China, Taiwan Province of China",,,,,23859.91,41.35,9.35,0.39,35.76,0.15,,185.89,2.46,7.80,1.11,0.53,107.00,176.53,7.40,81.01,66.43,20.37,9.62,0.66,3.57,185.32,0.83,4.40,19.86,89.70,37.78,84.77,26.39,1.11
Cook Islands,,,,,17.00,33.08,0.13,7.75,-0.03,-0.16,,0.28,0.03,16.21,2.25,1.07,106.00,0.14,8.45,74.76,60.45,16.36,7.45,0.00,6.13,0.28,0.00,7.33,39.77,148.89,65.17,140.74,-0.16,-9.37
Dem. People's Republic of Korea,,,73.28,,25971.91,35.63,102.00,3.93,100.42,0.39,,343.89,1.96,13.24,1.81,0.85,106.00,241.89,9.31,73.28,59.97,16.38,7.33,4.38,12.74,340.05,5.44,15.80,69.00,166.60,80.54,146.40,-1.59,-0.06
Eritrea,,0.49,66.54,4.89,3620.31,18.19,79.45,21.90,64.46,1.78,38.92,103.86,13.90,28.62,3.87,1.76,103.20,24.42,6.73,66.54,55.06,13.52,5.82,2.99,28.83,101.24,3.90,37.91,117.07,253.76,117.61,212.26,-14.99,-4.13
Falkland Islands (Malvinas),,,,,3.76,39.48,0.01,3.93,0.01,0.37,,0.04,0.00,11.30,1.59,0.77,103.00,0.03,7.37,78.62,64.64,17.74,7.78,0.00,9.74,0.04,0.00,11.28,24.59,80.56,26.32,68.44,0.00,1.06
French Guiana,,,,,297.45,23.68,6.04,20.33,6.64,2.23,31.06,7.50,0.81,25.25,3.51,1.70,103.70,1.46,4.92,74.89,60.72,15.36,6.63,0.06,8.13,7.45,0.07,9.66,29.93,122.27,44.66,112.25,0.60,2.03
Gibraltar,,,,,32.67,41.66,-0.03,-0.83,-0.09,-0.27,,0.35,0.01,10.71,1.85,0.88,106.50,0.38,11.55,79.33,65.42,18.85,9.10,0.00,9.10,0.35,0.00,11.54,31.23,82.81,32.81,69.82,-0.06,-1.77
Guadeloupe,,,,,396.05,42.28,0.38,0.95,-0.27,-0.07,,4.47,0.13,11.27,2.05,1.00,103.40,4.09,10.32,80.54,65.94,19.95,10.08,0.02,4.18,4.45,0.02,4.57,19.32,87.16,34.55,82.45,-0.64,-1.61
Guernsey,,,,,63.07,38.98,0.11,1.70,0.23,0.36,,0.61,0.02,9.73,1.46,0.70,105.40,0.51,8.03,82.23,67.94,20.15,9.28,0.00,6.53,0.61,0.01,7.59,16.37,52.50,17.13,44.15,0.12,1.94
Isle of Man,,,,,84.26,45.30,-0.17,-2.08,0.34,0.41,,0.72,0.04,8.53,1.56,0.75,105.00,0.89,10.60,80.53,66.82,20.24,9.61,0.01,10.61,0.71,0.01,13.44,35.03,84.17,34.81,69.05,0.52,6.15
Jersey,,,,,109.62,39.78,0.18,1.67,1.31,1.19,58.05,1.13,0.03,10.40,1.48,0.71,105.40,0.95,8.74,80.66,66.49,19.08,8.67,0.01,7.80,1.13,0.01,9.03,19.65,63.70,20.84,53.86,1.12,10.27
Martinique,,,,,368.80,46.28,-0.61,-1.66,-2.07,-0.56,,3.52,0.14,9.54,1.92,0.93,102.60,4.14,11.19,80.69,66.74,20.17,9.56,0.03,8.80,3.50,0.04,11.85,23.35,82.21,27.56,70.11,-1.45,-3.93
Mayotte,,,,,316.01,16.51,9.64,30.55,10.38,3.29,21.09,10.64,0.90,33.71,4.44,2.16,102.60,1.00,3.16,74.23,59.69,15.51,6.96,0.04,4.01,10.60,0.05,4.88,31.89,148.58,61.03,143.06,0.75,2.36
Montserrat,,,,,4.42,42.96,-0.01,-1.96,-0.06,-1.27,,0.04,0.01,9.08,1.57,0.75,104.30,0.05,11.04,75.59,61.69,16.01,6.92,0.00,10.70,0.04,0.00,12.69,33.65,113.74,42.33,100.58,-0.04,-9.00
Niue,,,,,1.94,35.83,0.00,0.11,-0.01,-0.62,,0.03,0.00,13.96,2.45,1.13,107.10,0.03,13.85,70.82,57.87,14.30,6.29,0.00,20.11,0.03,0.00,24.21,64.21,186.89,74.70,162.64,0.00,-2.04
Northern Mariana Islands,,,,,49.48,38.72,0.31,6.29,-0.12,-0.25,,0.61,0.05,12.24,2.17,1.00,115.10,0.30,5.95,77.19,62.84,16.85,7.42,0.00,5.65,0.61,0.00,6.98,25.17,99.02,37.25,91.20,-0.43,-8.67
Réunion,,,,,966.13,33.90,8.43,8.73,8.00,0.83,83.71,14.07,0.91,14.56,2.26,1.10,103.00,5.64,5.84,81.61,67.28,20.85,10.03,0.08,5.93,14.00,0.11,7.43,23.58,79.51,33.00,71.78,-0.42,-0.44
Saint Barthélemy,,,,,10.86,38.58,0.03,2.59,0.19,1.72,40.25,0.09,0.00,8.16,1.01,0.49,104.00,0.06,5.57,80.43,66.29,19.12,8.93,0.00,8.12,0.09,0.00,9.36,20.51,69.29,22.20,59.13,0.15,14.13
Saint Helena,,,,,5.40,50.87,-0.05,-8.43,0.00,-0.06,,0.04,0.00,7.66,1.65,0.79,105.40,0.09,16.08,76.84,63.06,16.64,7.32,0.00,11.94,0.04,0.00,13.82,30.19,95.54,31.87,80.88,0.03,6.38
Saint Pierre and Miquelon,,,,,5.88,43.71,-0.03,-4.78,-0.02,-0.36,,0.05,0.00,7.58,1.56,0.75,105.40,0.07,12.36,77.19,63.07,17.01,7.65,0.00,8.36,0.05,0.00,9.91,27.17,99.59,35.28,89.15,0.01,1.36
South Sudan,,0.39,54.98,5.73,10748.27,16.07,194.39,18.06,162.52,1.51,45.84,313.35,63.97,29.11,4.47,1.77,103.50,118.96,11.05,54.98,48.36,11.60,4.98,20.00,64.00,297.84,31.47,99.54,259.84,438.91,222.63,347.61,-31.89,-2.96
State of Palestine,,0.72,73.47,9.94,5133.39,19.21,125.52,24.42,113.15,2.20,31.45,145.13,11.63,28.24,3.50,1.67,105.10,19.61,3.82,73.47,59.87,14.51,6.10,2.01,13.85,143.28,2.38,16.38,38.24,131.62,44.37,114.74,-12.37,-2.41
Tokelau,,,,,1.85,26.51,0.02,11.39,0.02,1.30,53.40,0.04,0.00,18.71,2.71,1.30,103.00,0.01,7.31,75.23,60.84,16.58,7.49,0.00,4.64,0.04,0.00,5.84,39.71,140.95,63.79,133.61,0.00,0.00
Venezuela (Bolivarian Republic of),,0.69,70.55,11.11,28199.87,28.06,220.65,7.75,-304.42,-1.08,,451.86,104.94,15.88,2.21,1.04,105.40,231.21,8.12,70.55,57.14,15.27,6.13,7.12,15.74,445.58,8.56,18.65,94.79,202.79,110.19,184.27,-525.12,-18.45
Wallis and Futuna Islands,,,,,11.63,35.84,0.05,4.44,-0.03,-0.25,,0.14,0.01,11.82,1.96,0.94,104.80,0.09,7.37,78.44,64.48,17.93,8.77,0.00,10.47,0.14,0.00,12.16,23.05,86.47,25.85,74.21,-0.08,-7.11
Western Sahara,,,,,565.58,30.92,5.96,10.58,9.46,1.67,41.43,9.46,0.68,16.78,2.31,1.08,105.10,3.50,6.20,70.78,58.31,14.13,5.89,0.24,25.60,9.25,0.29,30.57,65.84,177.67,65.88,147.56,3.50,6.20
